series,top_peak_count,mean_gap_to_first10,top_freqs
theta_norm_angle,10,13.70697020971165,"10.671, 11.462, 12.648, 13.932, 14.723, 15.711, 16.501, 18.181, 19.762, 21.442"
theta_norm_unwrapped,10,13.70697020971165,"10.671, 11.462, 12.648, 13.932, 14.723, 15.711, 16.501, 18.181, 19.762, 21.442"
theta_norm_direct,10,13.70697020971165,"10.671, 11.462, 12.648, 13.932, 14.723, 15.711, 16.501, 18.181, 19.762, 21.442"
psi_norm_angle,10,14.156595104096851,"10.671, 11.462, 12.648, 13.932, 14.723, 15.711, 16.501, 18.181, 19.762, 20.849"
psi_norm_unwrapped,10,14.156595104096851,"10.671, 11.462, 12.648, 13.932, 14.723, 15.711, 16.501, 18.181, 19.762, 20.849"
psi_norm_direct,10,14.156595104096851,"10.671, 11.462, 12.648, 13.932, 14.723, 15.711, 16.501, 18.181, 19.762, 20.849"
