series,mean_gap_to_first10,captured_first10_within_0p75,resonance_score
theta_norm_direct,1.9336321660838252,6,0.0003532984955138169
psi_norm_direct,1.9336321660838252,6,0.00035694493021908404
angle_theta_norm,1.9336321660838252,6,0.0003532984955138169
angle_psi_norm,1.9336321660838252,6,0.0003569449302190841
angle_theta_norm_unwrapped,1.9336321660838252,6,0.0003532984955138169
angle_psi_norm_unwrapped,1.9336321660838252,6,0.0003569449302190841
